id,officer_id,job_title,badge_number
,#1,Patrol Officer,1058
,#2,Patrol Officer,955
,#3,Recruit Trainee,
,#4,Sergeant,509
,#5,Deputy Chief,22
,#6,Patrol Officer,1861
,#7,Sergeant,446
,#8,Patrol Officer,1027
,#9,Patrol Officer,966
,#10,Patrol Officer,2116
,#11,Patrol Officer,745
,#12,Recruit Trainee,
,#13,Probationary,1257
,#14,Patrol Officer,1006
,#15,Patrol Officer,2622
,#16,Patrol Officer,DT832
,#17,Patrol Officer,735
,#18,Recruit Trainee,
,#19,Patrol Officer,862
,#20,Patrol Officer,2920
,#21,Patrol Officer,903
,#22,Patrol Officer,2512
,#23,Patrol Officer,2804
,#24,Recruit Trainee,
,#25,Patrol Officer,1871
,#26,Patrol Officer,2152
,#27,Patrol Officer,1108
,#28,Patrol Officer,DT776
,#29,Probationary,1268
,#30,Patrol Officer,962
,#31,Patrol Officer,1088
,#32,Patrol Officer,1074
,#33,Patrol Officer,2099
,#34,Patrol Officer,2880
,#35,Patrol Officer,2096
,#36,Patrol Officer,2095
,#37,Patrol Officer,1069
,#38,Sergeant,368
,#39,Patrol Officer,2529
,#40,Patrol Officer,993
,#41,Patrol Officer,2805
,#42,Patrol Officer,2501
,#43,Sergeant,557
,#44,Patrol Officer,2089
,#45,Patrol Officer,2061
,#46,Lieutenant,120
,#47,Patrol Officer,1201
,#48,Patrol Officer,2635
,#49,Sergeant,364
,#50,Sergeant,436
,#51,Probationary,1291
,#52,Patrol Officer,2530
,#53,Lieutenant,138
,#54,Sergeant,571
,#55,Patrol Officer,2080
,#56,Assistant Chief,8
,#57,Patrol Officer,2078
,#58,Patrol Officer,781
,#59,Patrol Officer,2664
,#60,Sergeant,611
,#61,Patrol Officer,2233
,#62,Patrol Officer,2075
,#63,Lieutenant,98
,#64,Patrol Officer,1064
,#65,Patrol Officer,2072
,#66,Patrol Officer,1893
,#67,Deputy Chief,3
,#68,Patrol Officer,880
,#69,Lieutenant,91
,#70,Patrol Officer,1909
,#71,Sergeant,460
,#72,Sergeant,324
,#73,Patrol Officer,791
,#74,Sergeant,455
,#75,Patrol Officer,2324
,#76,Patrol Officer,2726
,#77,Patrol Officer,2921
,#78,Recruit Trainee,
,#79,Patrol Officer,2502
,#80,Patrol Officer,2060
,#81,Patrol Officer,779
,#82,Sergeant,429
,#83,Patrol Officer,2651
,#84,Patrol Officer,742
,#85,Patrol Officer,2881
,#86,Patrol Officer,2806
,#87,Patrol Officer,1029
,#88,Recruit Trainee,
,#89,Patrol Officer,2806
,#90,Patrol Officer,2727
,#91,Patrol Officer,946
,#92,Patrol Officer,2808
,#93,Patrol Officer,2048
,#94,Sergeant,2653
,#95,Patrol Officer,2044
,#96,Patrol Officer,980
,#97,Probationary,1200
,#98,Lieutenant,146
,#99,Probationary,2547
,#100,Patrol Officer,2882
,#101,Patrol Officer,1210
,#102,Probationary,1298
,#103,Sergeant,543
,#104,Patrol Officer,2809
,#105,Patrol Officer,2922
,#106,Recruit Trainee,
,#107,Patrol Officer,705
,#108,Patrol Officer,744
,#109,Patrol Officer,1213
,#110,Patrol Officer,2031
,#111,Patrol Officer,2810
,#112,Captain,47
,#113,Patrol Officer,2030
,#114,Patrol Officer,2728
,#115,Patrol Officer,858
,#116,Patrol Officer,2923
,#117,Sergeant,398
,#118,Recruit Trainee,
,#119,Patrol Officer,3010
,#120,Patrol Officer,2028
,#121,Patrol Officer,1074
,#122,Probationary,1202
,#123,Patrol Officer,709
,#124,Patrol Officer,1031
,#125,Patrol Officer,2025
,#126,Patrol Officer,2024
,#127,Patrol Officer,2022
,#128,Patrol Officer,2924
,#129,Probationary,1389
,#130,Sergeant,605
,#131,Recruit Trainee,
,#132,Patrol Officer,1225
,#133,Lieutenant,128
,#134,Sergeant,320
,#135,Recruit Trainee,
,#136,Patrol Officer,1002
,#137,Sergeant,606
,#138,Patrol Officer,964
,#139,Patrol Officer,2016
,#140,Patrol Officer,746
,#141,Patrol Officer,2729
,#142,Patrol Officer,2925
,#143,Patrol Officer,2811
,#144,Patrol Officer,726
,#145,Probationary,1501
,#146,Patrol Officer,2730
,#147,Patrol Officer,748
,#148,Probationary,1203
,#149,Other,1
,#150,Sergeant,454
,#151,Sergeant,592
,#152,Probationary,1264
,#153,Lieutenant,177
,#154,Captain,37
,#155,Patrol Officer,2046
,#156,Patrol Officer,2006
,#157,Patrol Officer,949
,#158,Patrol Officer,707
,#159,Patrol Officer,2732
,#160,Lieutenant,213
,#161,Patrol Officer,2003
,#162,Sergeant,451
,#163,Patrol Officer,2628
,#164,Patrol Officer,2926
,#165,Patrol Officer,1080
,#166,Patrol Officer,749
,#167,Sergeant,570
,#168,Patrol Officer,1996
,#169,Patrol Officer,2812
,#170,Patrol Officer,2927
,#171,Patrol Officer,2883
,#172,Lieutenant,174
,#173,Patrol Officer,1263
,#174,Probationary,1285
,#175,Patrol Officer,2724
,#176,Patrol Officer,1048
,#177,Commander,16
,#178,Probationary,1292
,#179,Patrol Officer,1990
,#180,Recruit Trainee,
,#181,Sergeant,677
,#182,Patrol Officer,2929
,#183,Patrol Officer,2549
,#184,Patrol Officer,1071
,#185,Patrol Officer,1019
,#186,Patrol Officer,708
,#187,Patrol Officer,2548
,#188,Patrol Officer,2561
,#189,Patrol Officer,2504
,#190,Patrol Officer,2550
,#191,Patrol Officer,757
,#192,Patrol Officer,1980
,#193,Patrol Officer,1979
,#194,Sergeant,664
,#195,Patrol Officer,2884
,#196,Recruit Trainee,
,#197,Patrol Officer,1939
,#198,Patrol Officer,2734
,#199,Patrol Officer,934
,#200,Patrol Officer,1233
,#201,Patrol Officer,1009
,#202,Patrol Officer,1973
,#203,Lieutenant,156
,#204,Lieutenant,126
,#205,Sergeant,589
,#206,Patrol Officer,1012
,#207,Patrol Officer,1967
,#208,Patrol Officer,2816
,#209,Patrol Officer,1004
,#210,Patrol Officer,2930
,#211,Patrol Officer,1964
,#212,Patrol Officer,2885
,#213,Patrol Officer,2652
,#214,Patrol Officer,2199
,#215,Patrol Officer,2931
,#216,Patrol Officer,2817
,#217,Sergeant,432
,#218,Patrol Officer,901
,#219,Sergeant,325
,#220,Patrol Officer,752
,#221,Patrol Officer,2720
,#222,Probationary,1504
,#223,Probationary,1293
,#224,Patrol Officer,1959
,#225,Patrol Officer,2553
,#226,Patrol Officer,1957
,#227,Patrol Officer,1956
,#228,Patrol Officer,2143
,#229,Patrol Officer,753
,#230,Probationary,1295
,#231,Patrol Officer,2505
,#232,Patrol Officer,2819
,#233,Sergeant,560
,#234,Patrol Officer,2932
,#235,Patrol Officer,1054
,#236,Lieutenant,203
,#237,Patrol Officer,2554
,#238,Patrol Officer,2565
,#239,Patrol Officer,1068
,#240,Captain,57
,#241,Patrol Officer,2933
,#242,Patrol Officer,2506
,#243,Lieutenant,178
,#244,Sergeant,558
,#245,Patrol Officer,828
,#246,Probationary,1299
,#247,Patrol Officer,2662
,#248,Recruit Trainee,
,#249,Patrol Officer,2555
,#250,Patrol Officer,710
,#251,Patrol Officer,1942
,#252,Patrol Officer,978
,#253,Lieutenant,225
,#254,Patrol Officer,2757
,#255,Patrol Officer,2934
,#256,Patrol Officer,2146
,#257,Patrol Officer,1110
,#258,Patrol Officer,711
,#259,Patrol Officer,2566
,#260,Patrol Officer,2145
,#261,Patrol Officer,1936
,#262,Patrol Officer,1400
,#263,Patrol Officer,2886
,#264,Patrol Officer,2821
,#265,Captain,39
,#266,Patrol Officer,2568
,#267,Patrol Officer,2887
,#268,Patrol Officer,2737
,#269,Patrol Officer,2467
,#270,Patrol Officer,782
,#271,Patrol Officer,2822
,#272,Patrol Officer,759
,#273,Patrol Officer,2321
,#274,Patrol Officer,761
,#275,Patrol Officer,2694
,#276,Patrol Officer,3011
,#277,Patrol Officer,1153
,#278,Patrol Officer,1923
,#279,Patrol Officer,2823
,#280,Patrol Officer,1922
,#281,Sergeant,553
,#282,Patrol Officer,1921
,#283,Patrol Officer,847
,#284,Patrol Officer,739
,#285,Patrol Officer,2888
,#286,Probationary,1505
,#287,Patrol Officer,1919
,#288,Sergeant,613
,#289,Patrol Officer,1918
,#290,Patrol Officer,1916
,#291,Patrol Officer,2699
,#292,Sergeant,551
,#293,Patrol Officer,2288
,#294,Patrol Officer,2577
,#295,Patrol Officer,1361
,#296,Patrol Officer,814
,#297,Patrol Officer,764
,#298,Patrol Officer,2706
,#299,Patrol Officer,2426
,#300,Patrol Officer,2586
,#301,Patrol Officer,765
,#302,Patrol Officer,2825
,#303,Patrol Officer,2144
,#304,Probationary,1508
,#305,Probationary,1301
,#306,Patrol Officer,766
,#307,Patrol Officer,1907
,#308,Lieutenant,201
,#309,Patrol Officer,2935
,#310,Patrol Officer,1905
,#311,Patrol Officer,1028
,#312,Commander,20
,#313,Patrol Officer,769
,#314,Deputy Chief,7
,#315,Patrol Officer,2889
,#316,Sergeant,357
,#317,Sergeant,675
,#318,Patrol Officer,1900
,#319,Sergeant,384
,#320,Patrol Officer,1021
,#321,Sergeant,339
,#322,Patrol Officer,2509
,#323,Patrol Officer,2510
,#324,Sergeant,597
,#325,Sergeant,348
,#326,Patrol Officer,2594
,#327,Patrol Officer,1892
,#328,Patrol Officer,1239
,#329,Recruit Trainee,
,#330,Patrol Officer,2241
,#331,Patrol Officer,2624
,#332,Patrol Officer,2625
,#333,Patrol Officer,1891
,#334,Sergeant,340
,#335,Recruit Trainee,
,#336,Patrol Officer,2513
,#337,Sergeant,618
,#338,Patrol Officer,750
,#339,Patrol Officer,793
,#340,Patrol Officer,2827
,#341,Patrol Officer,908
,#342,Lieutenant,198
,#343,Patrol Officer,2738
,#344,Patrol Officer,2604
,#345,Lieutenant,141
,#346,Patrol Officer,1884
,#347,Patrol Officer,1883
,#348,Patrol Officer,771
,#349,Patrol Officer,3012
,#350,Lieutenant,196
,#351,Patrol Officer,2739
,#352,Recruit Trainee,
,#353,Patrol Officer,2936
,#354,Patrol Officer,1243
,#355,Patrol Officer,1880
,#356,Patrol Officer,1155
,#357,Patrol Officer,2937
,#358,Patrol Officer,2828
,#359,Patrol Officer,720
,#360,Patrol Officer,2829
,#361,Sergeant,381
,#362,Patrol Officer,2665
,#363,Patrol Officer,1877
,#364,Patrol Officer,2700
,#365,Probationary,1509
,#366,Patrol Officer,804
,#367,Patrol Officer,1254
,#368,Patrol Officer,2761
,#369,Patrol Officer,732
,#370,Patrol Officer,2667
,#371,Patrol Officer,2207
,#372,Sergeant,376
,#373,Sergeant,418
,#374,Recruit Trainee,
,#375,Patrol Officer,775
,#376,Patrol Officer,1092
,#377,Patrol Officer,1870
,#378,Patrol Officer,1868
,#379,Patrol Officer,2771
,#380,Patrol Officer,719
,#381,Patrol Officer,2938
,#382,Patrol Officer,1867
,#383,Sergeant,405
,#384,Patrol Officer,1866
,#385,Patrol Officer,1865
,#386,Patrol Officer,792
,#387,Sergeant,387
,#388,Patrol Officer,2617
,#389,Patrol Officer,2778
,#390,Patrol Officer,1181
,#391,Patrol Officer,2668
,#392,Sergeant,533
,#393,Sergeant,335
,#394,Patrol Officer,2745
,#395,Sergeant,531
,#396,Sergeant,500
,#397,Patrol Officer,778
,#398,Patrol Officer,780
,#399,Patrol Officer,914
,#400,Patrol Officer,1089
,#401,Patrol Officer,2831
,#402,Sergeant,620
,#403,Probationary,1511
,#404,Patrol Officer,2560
,#405,Sergeant,524
,#406,Probationary,1516
,#407,Patrol Officer,784
,#408,Probationary,1523
,#409,Patrol Officer,2939
,#410,Patrol Officer,2669
,#411,Probationary,1527
,#412,Patrol Officer,1084
,#413,Patrol Officer,2832
,#414,Recruit Trainee,S6027
,#415,Patrol Officer,1850
,#416,Patrol Officer,2142
,#417,Patrol Officer,913
,#418,Patrol Officer,2620
,#419,Patrol Officer,1848
,#420,Patrol Officer,1847
,#421,Patrol Officer,1846
,#422,Sergeant,621
,#423,Patrol Officer,1844
,#424,Patrol Officer,2833
,#425,Patrol Officer,2127
,#426,Patrol Officer,2834
,#427,Patrol Officer,1066
,#428,Patrol Officer,988
,#429,Patrol Officer,2623
,#430,Patrol Officer,1840
,#431,Patrol Officer,1267
,#432,Patrol Officer,2835
,#433,Patrol Officer,2562
,#434,Patrol Officer,947
,#435,Sergeant,518
,#436,Recruit Trainee,
,#437,Probationary,1717
,#438,Patrol Officer,2836
,#439,Patrol Officer,786
,#440,Patrol Officer,1413
,#441,Probationary,1530
,#442,Sergeant,330
,#443,Patrol Officer,1832
,#444,Patrol Officer,794
,#445,Patrol Officer,1830
,#446,Patrol Officer,2632
,#447,Patrol Officer,2716
,#448,Patrol Officer,2718
,#449,Probationary,1536
,#450,Lieutenant,184
,#451,Recruit Trainee,
,#452,Sergeant,401
,#453,Patrol Officer,2670
,#454,Sergeant,458
,#455,Captain,48
,#456,Sergeant,482
,#457,Patrol Officer,1033
,#458,Patrol Officer,1823
,#459,Patrol Officer,2787
,#460,Captain,69
,#461,Sergeant,450
,#462,Patrol Officer,1275
,#463,Sergeant,580
,#464,Sergeant,634
,#465,Patrol Officer,2244
,#466,Sergeant,624
,#467,Patrol Officer,787
,#468,Patrol Officer,2940
,#469,Probationary,1323
,#470,Patrol Officer,2219
,#471,Patrol Officer,712
,#472,Patrol Officer,916
,#473,Patrol Officer,718
,#474,Sergeant,413
,#475,Sergeant,342
,#476,Patrol Officer,2472
,#477,Patrol Officer,2941
,#478,Patrol Officer,2701
,#479,Patrol Officer,2750
,#480,Patrol Officer,
,#481,Patrol Officer,1284
,#482,Patrol Officer,1802
,#483,Patrol Officer,2942
,#484,Patrol Officer,789
,#485,Patrol Officer,2893
,#486,Patrol Officer,1286
,#487,Patrol Officer,2220
,#488,Patrol Officer,1797
,#489,Patrol Officer,1809
,#490,Patrol Officer,1059
,#491,Patrol Officer,2837
,#492,Patrol Officer,2756
,#493,Recruit Trainee,
,#494,Sergeant,2246
,#495,Patrol Officer,1795
,#496,Patrol Officer,1794
,#497,Probationary,1541
,#498,Lieutenant,169
,#499,Sergeant,386
,#500,Patrol Officer,2634
,#501,Patrol Officer,2569
,#502,Recruit Trainee,
,#503,Recruit Trainee,
,#504,Sergeant,327
,#505,Patrol Officer,1789
,#506,Sergeant,433
,#507,Patrol Officer,825
,#508,Patrol Officer,871
,#509,Sergeant,484
,#510,Probationary,1542
,#511,Lieutenant,103
,#512,Patrol Officer,2154
,#513,Lieutenant,143
,#514,Patrol Officer,1047
,#515,Patrol Officer,2838
,#516,Recruit Trainee,1324
,#517,Patrol Officer,1259
,#518,Patrol Officer,1313
,#519,Sergeant,496
,#520,Sergeant,391
,#521,Probationary,1560
,#522,Patrol Officer,1781
,#523,Patrol Officer,2338
,#524,Lieutenant,142
,#525,Patrol Officer,715
,#526,Probationary,1561
,#527,Patrol Officer,2221
,#528,Patrol Officer,1777
,#529,Patrol Officer,1680
,#530,Patrol Officer,1776
,#531,Patrol Officer,2640
,#532,Patrol Officer,1774
,#533,Patrol Officer,1773
,#534,Recruit Trainee,
,#535,Recruit Trainee,S6035
,#536,Patrol Officer,794
,#537,Patrol Officer,1771
,#538,Patrol Officer,1769
,#539,Patrol Officer,1007
,#540,Patrol Officer,2516
,#541,Patrol Officer,1766
,#542,Lieutenant,180
,#543,Patrol Officer,2571
,#544,Probationary,1568
,#545,Patrol Officer,1093
,#546,Patrol Officer,2725
,#547,Probationary,1327
,#548,Patrol Officer,716
,#549,Patrol Officer,2645
,#550,Probationary,1570
,#551,Patrol Officer,1011
,#552,Probationary,1574
,#553,Patrol Officer,701
,#554,Patrol Officer,973
,#555,Patrol Officer,2839
,#556,Patrol Officer,1013
,#557,Patrol Officer,1756
,#558,Patrol Officer,860
,#559,Lieutenant,188
,#560,Sergeant,667
,#561,Patrol Officer,2120
,#562,Patrol Officer,2613
,#563,Patrol Officer,2517
,#564,Patrol Officer,1752
,#565,Patrol Officer,1751
,#566,Sergeant,470
,#567,Sergeant,490
,#568,Recruit Trainee,
,#569,Sergeant,412
,#570,Patrol Officer,1746
,#571,Patrol Officer,1745
,#572,Patrol Officer,2596
,#573,Recruit Trainee,
,#574,Patrol Officer,1742
,#575,Recruit Trainee,
,#576,Patrol Officer,1741
,#577,Patrol Officer,954
,#578,Patrol Officer,2944
,#579,Patrol Officer,972
,#580,Probationary,1329
,#581,Patrol Officer,1331
,#582,Patrol Officer,1735
,#583,Patrol Officer,741
,#584,Probationary,1579
,#585,Patrol Officer,2629
,#586,Sergeant,596
,#587,Probationary,1580
,#588,Patrol Officer,801
,#589,Patrol Officer,2630
,#590,Sergeant,447
,#591,Patrol Officer,1333
,#592,Patrol Officer,991
,#593,Patrol Officer,1726
,#594,Patrol Officer,2758
,#595,Patrol Officer,1725
,#596,Patrol Officer,802
,#597,Recruit Trainee,
,#598,Sergeant,483
,#599,Patrol Officer,1720
,#600,Patrol Officer,1719
,#601,Probationary,1583
,#602,Patrol Officer,827
,#603,Patrol Officer,1901
,#604,Patrol Officer,803
,#605,Patrol Officer,1715
,#606,Sergeant,343
,#607,Sergeant,407
,#608,Patrol Officer,2708
,#609,Patrol Officer,1067
,#610,Patrol Officer,2631
,#611,Patrol Officer,MD701
,#612,Patrol Officer,2945
,#613,Recruit Trainee,
,#614,Patrol Officer,1710
,#615,Patrol Officer,2227
,#616,Patrol Officer,1709
,#617,Patrol Officer,994
,#618,Patrol Officer,806
,#619,Patrol Officer,DT836
,#620,Patrol Officer,2520
,#621,Probationary,1330
,#622,Patrol Officer,807
,#623,Patrol Officer,1703
,#624,Patrol Officer,1702
,#625,Patrol Officer,2946
,#626,Patrol Officer,2521
,#627,Patrol Officer,2522
,#628,Probationary,1338
,#629,Sergeant,333
,#630,Patrol Officer,1335
,#631,Lieutenant,175
,#632,Probationary,1586
,#633,Patrol Officer,2788
,#634,Patrol Officer,1698
,#635,Patrol Officer,713
,#636,Patrol Officer,1695
,#637,Sergeant,680
,#638,Patrol Officer,895
,#639,Patrol Officer,2895
,#640,Patrol Officer,2896
,#641,Sergeant,476
,#642,Patrol Officer,1691
,#643,Sergeant,331
,#644,Patrol Officer,2574
,#645,Sergeant,394
,#646,Lieutenant,173
,#647,Patrol Officer,1687
,#648,Patrol Officer,953
,#649,Sergeant,679
,#650,Patrol Officer,1684
,#651,Probationary,1587
,#652,Patrol Officer,2636
,#653,Captain,67
,#654,Patrol Officer,2762
,#655,Patrol Officer,2898
,#656,Recruit Trainee,
,#657,Recruit Trainee,
,#658,Recruit Trainee,
,#659,Patrol Officer,2266
,#660,Patrol Officer,2899
,#661,Sergeant,472
,#662,Patrol Officer,1682
,#663,Patrol Officer,2764
,#664,Recruit Trainee,
,#665,Sergeant,666
,#666,Captain,43
,#667,Recruit Trainee,
,#668,Patrol Officer,3013
,#669,Sergeant,669
,#670,Patrol Officer,2619
,#671,Patrol Officer,2672
,#672,Patrol Officer,3019
,#673,Patrol Officer,2840
,#674,Sergeant,375
,#675,Commander,18 CO
,#676,Patrol Officer,838
,#677,Patrol Officer,2900
,#678,Patrol Officer,1674
,#679,Patrol Officer,1675
,#680,Commander,18
,#681,Patrol Officer,1073
,#682,Patrol Officer,727
,#683,Patrol Officer,931
,#684,Patrol Officer,1671
,#685,Patrol Officer,2717
,#686,Patrol Officer,2842
,#687,Probationary,1588
,#688,Patrol Officer,1078
,#689,Sergeant,633
,#690,Recruit Trainee,
,#691,Patrol Officer,1669
,#692,Sergeant,309
,#693,Patrol Officer,816
,#694,Recruit Trainee,
,#695,Patrol Officer,2947
,#696,Patrol Officer,2948
,#697,Patrol Officer,1663
,#698,Captain,49
,#699,Patrol Officer,2524
,#700,Patrol Officer,2766
,#701,Lieutenant,101
,#702,Patrol Officer,1662
,#703,Probationary,1345
,#704,Patrol Officer,2769
,#705,Lieutenant,207
,#706,Patrol Officer,818
,#707,Patrol Officer,1658
,#708,Probationary,1589
,#709,Sergeant,315
,#710,Patrol Officer,2282
,#711,Patrol Officer,2576
,#712,Patrol Officer,1357
,#713,Patrol Officer,2673
,#714,Patrol Officer,864
,#715,Patrol Officer,D1654
,#716,Patrol Officer,820
,#717,Probationary,1604
,#718,Patrol Officer,756
,#719,Patrol Officer,2733
,#720,Patrol Officer,1650
,#721,Patrol Officer,2949
,#722,Patrol Officer,2843
,#723,Patrol Officer,700
,#724,Patrol Officer,731
,#725,Patrol Officer,821
,#726,Patrol Officer,1646
,#727,Patrol Officer,1644
,#728,Probationary,1608
,#729,Patrol Officer,3015
,#730,Probationary,1611
,#731,Patrol Officer,2526
,#732,Patrol Officer,1341
,#733,Patrol Officer,1062
,#734,Patrol Officer,1640
,#735,Sergeant,395
,#736,Patrol Officer,2844
,#737,Patrol Officer,2774
,#738,Captain,45
,#739,Patrol Officer,823
,#740,Lieutenant,167
,#741,Sergeant,399
,#742,Patrol Officer,1097
,#743,Probationary,1613
,#744,Patrol Officer,989
,#745,Patrol Officer,1635
,#746,Patrol Officer,2296
,#747,Sergeant,657
,#748,Sergeant,637
,#749,Patrol Officer,1632
,#750,Patrol Officer,2528
,#751,Probationary,1616
,#752,Patrol Officer,1631
,#753,Patrol Officer,2249
,#754,Recruit Trainee,
,#755,Lieutenant,24
,#756,Patrol Officer,1429
,#757,Patrol Officer,1628
,#758,Patrol Officer,1095
,#759,Patrol Officer,1626
,#760,Patrol Officer,1625
,#761,Patrol Officer,2796
,#762,Patrol Officer,2770
,#763,Patrol Officer,1003
,#764,Probationary,1624
,#765,Patrol Officer,721
,#766,Patrol Officer,1622
,#767,Patrol Officer,1620
,#768,Probationary,1627
,#769,Patrol Officer,1619
,#770,Patrol Officer,1618
,#771,Patrol Officer,825
,#772,Sergeant,378
,#773,Sergeant,373
,#774,Patrol Officer,783
,#775,Patrol Officer,999
,#776,Patrol Officer,2674
,#777,Probationary,1633
,#778,Patrol Officer,2901
,#779,Patrol Officer,1343
,#780,Patrol Officer,2675
,#781,Sergeant,623
,#782,Patrol Officer,2578
,#783,Patrol Officer,1356
,#784,Sergeant,410
,#785,Patrol Officer,1609
,#786,Patrol Officer,840
,#787,Patrol Officer,997
,#788,Patrol Officer,723
,#789,Patrol Officer,2231
,#790,Lieutenant,153
,#791,Patrol Officer,2676
,#792,Patrol Officer,2797
,#793,Sergeant,460
,#794,Patrol Officer,882
,#795,Patrol Officer,1025
,#796,Patrol Officer,2348
,#797,Patrol Officer,2902
,#798,Patrol Officer,1602
,#799,Patrol Officer,1601
,#800,Patrol Officer,1599
,#801,Patrol Officer,878
,#802,Sergeant,529
,#803,Patrol Officer,1090
,#804,Recruit Trainee,
,#805,Patrol Officer,2846
,#806,Patrol Officer,822
,#807,Patrol Officer,1593
,#808,Patrol Officer,829
,#809,Sergeant,332
,#810,Sergeant,411
,#811,Patrol Officer,2580
,#812,Sergeant,389
,#813,Patrol Officer,740
,#814,Sergeant,639
,#815,Patrol Officer,2772
,#816,Patrol Officer,1063
,#817,Patrol Officer,1585
,#818,Patrol Officer,1584
,#819,Patrol Officer,2170
,#820,Lieutenant,209
,#821,Sergeant,641
,#822,Recruit Trainee,
,#823,Sergeant,581
,#824,Patrol Officer,2950
,#825,Sergeant,427
,#826,Lieutenant,212
,#827,Patrol Officer,770
,#828,Sergeant,428
,#829,Patrol Officer,1578
,#830,Patrol Officer,1576
,#831,Patrol Officer,2677
,#832,Patrol Officer,1575
,#833,Sergeant,370
,#834,Captain,51
,#835,Patrol Officer,1572
,#836,Patrol Officer,896
,#837,Patrol Officer,2773
,#838,Patrol Officer,833
,#839,Patrol Officer,1863
,#840,Lieutenant,148
,#841,Patrol Officer,1052
,#842,Patrol Officer,1000
,#843,Patrol Officer,1567
,#844,Patrol Officer,1566
,#845,Patrol Officer,1565
,#846,Patrol Officer,834
,#847,Patrol Officer,1563
,#848,Patrol Officer,2744
,#849,Captain,50
,#850,Patrol Officer,956
,#851,Probationary,1349
,#852,Patrol Officer,1562
,#853,Patrol Officer,2581
,#854,Patrol Officer,1375
,#855,Patrol Officer,2847
,#856,Sergeant,352
,#857,Patrol Officer,1037
,#858,Sergeant,421
,#859,Patrol Officer,1555
,#860,Patrol Officer,907
,#861,Patrol Officer,2903
,#862,Patrol Officer,2166
,#863,Patrol Officer,2532
,#864,Probationary,1903
,#865,Patrol Officer,1552
,#866,Sergeant,414
,#867,Sergeant,678
,#868,Patrol Officer,2172
,#869,Patrol Officer,1550
,#870,Patrol Officer,1417
,#871,Patrol Officer,1549
,#872,Captain,54
,#873,Patrol Officer,755
,#874,Patrol Officer,1545
,#875,Patrol Officer,1422
,#876,Patrol Officer,1544
,#877,Sergeant,559
,#878,Lieutenant,86
,#879,Sergeant,685
,#880,Patrol Officer,837
,#881,Patrol Officer,1535
,#882,Patrol Officer,2583
,#883,Recruit Trainee,
,#884,Patrol Officer,1534
,#885,Patrol Officer,1022
,#886,Patrol Officer,1053
,#887,Sergeant,321
,#888,Commander,12
,#889,Sergeant,582
,#890,Probationary,1637
,#891,Patrol Officer,2848
,#892,Recruit Trainee,
,#893,Patrol Officer,2678
,#894,Sergeant,603
,#895,Patrol Officer,2849
,#896,Patrol Officer,703
,#897,Patrol Officer,812
,#898,Patrol Officer,724
,#899,Sergeant,635
,#900,Probationary,1639
,#901,Patrol Officer,2702
,#902,Sergeant,442
,#903,Patrol Officer,2775
,#904,Patrol Officer,1040
,#905,Patrol Officer,1522
,#906,Patrol Officer,2584
,#907,Patrol Officer,2305
,#908,Probationary,1351
,#909,Patrol Officer,2850
,#910,Patrol Officer,2795
,#911,Patrol Officer,1521
,#912,Patrol Officer,1433
,#913,Patrol Officer,2175
,#914,Patrol Officer,1714
,#915,Patrol Officer,1519
,#916,Patrol Officer,785
,#917,Patrol Officer,1377
,#918,Patrol Officer,1517
,#919,Patrol Officer,1515
,#920,Major,20
,#921,Patrol Officer,2776
,#922,Probationary,1641
,#923,Patrol Officer,1553
,#924,Patrol Officer,841
,#925,Probationary,1642
,#926,Probationary,1648
,#927,Sergeant,397
,#928,Patrol Officer,2253
,#929,Patrol Officer,857
,#930,Patrol Officer,MD706
,#931,Patrol Officer,1506
,#932,Patrol Officer,2637
,#933,Sergeant,647
,#934,Patrol Officer,2633
,#935,Probationary,1651
,#936,Sergeant,303
,#937,Patrol Officer,2813
,#938,Patrol Officer,1502
,#939,Captain,72
,#940,Patrol Officer,3016
,#941,Patrol Officer,2779
,#942,Patrol Officer,2784
,#943,Patrol Officer,2722
,#944,Patrol Officer,1060
,#945,Patrol Officer,2780
,#946,Patrol Officer,1500
,#947,Recruit Trainee,
,#948,Patrol Officer,1499
,#949,Patrol Officer,2781
,#950,Lieutenant,222
,#951,Patrol Officer,1496
,#952,Patrol Officer,846
,#953,Sergeant,437
,#954,Lieutenant,149
,#955,Recruit Trainee,
,#956,Deputy Chief,8
,#957,Patrol Officer,2783
,#958,Patrol Officer,1382
,#959,Patrol Officer,728
,#960,Recruit Trainee,
,#961,Patrol Officer,702
,#962,Patrol Officer,D848
,#963,Patrol Officer,1077
,#964,Patrol Officer,1485
,#965,Patrol Officer,1384
,#966,Patrol Officer,1484
,#967,Sergeant,681
,#968,Patrol Officer,796
,#969,Patrol Officer,849
,#970,Sergeant,374
,#971,Patrol Officer,1479
,#972,Lieutenant,216
,#973,Patrol Officer,850
,#974,Patrol Officer,2952
,#975,Patrol Officer,851
,#976,Patrol Officer,1018
,#977,Patrol Officer,1472
,#978,Patrol Officer,1471
,#979,Patrol Officer,2953
,#980,Patrol Officer,2306
,#981,Probationary,1652
,#982,Probationary,1659
,#983,Sergeant,587
,#984,Sergeant,372
,#985,Probationary,1365
,#986,Patrol Officer,2954
,#987,Patrol Officer,798
,#988,Recruit Trainee,
,#989,Patrol Officer,1094
,#990,Patrol Officer,1468
,#991,Probationary,1660
,#992,Patrol Officer,729
,#993,Patrol Officer,1449
,#994,Patrol Officer,2680
,#995,Patrol Officer,2814
,#996,Patrol Officer,2681
,#997,Patrol Officer,2851
,#998,Patrol Officer,1464
,#999,Patrol Officer,2790
,#1000,Patrol Officer,1001
,#1001,Probationary,1661
,#1002,Patrol Officer,2904
,#1003,Probationary,1369
,#1004,Sergeant,323
,#1005,Patrol Officer,2588
,#1006,Patrol Officer,2852
,#1007,Patrol Officer,2905
,#1008,Patrol Officer,2853
,#1009,Patrol Officer,971
,#1010,Patrol Officer,2791
,#1011,Patrol Officer,2523
,#1012,Patrol Officer,1406
,#1013,Patrol Officer,843
,#1014,Patrol Officer,1456
,#1015,Patrol Officer,2955
,#1016,Patrol Officer,1454
,#1017,Probationary,1371
,#1018,Sergeant,650
,#1019,Sergeant,651
,#1020,Patrol Officer,917
,#1021,Lieutenant,155
,#1022,Patrol Officer,854
,#1023,Patrol Officer,2792
,#1024,Patrol Officer,2793
,#1025,Sergeant,353
,#1026,Sergeant,362
,#1027,Patrol Officer,2258
,#1028,Probationary,1376
,#1029,Patrol Officer,2854
,#1030,Lieutenant,166
,#1031,Patrol Officer,2703
,#1032,Patrol Officer,1442
,#1033,Patrol Officer,2682
,#1034,Patrol Officer,975
,#1035,Recruit Trainee,
,#1036,Patrol Officer,2704
,#1037,Patrol Officer,1437
,#1038,Patrol Officer,767
,#1039,Patrol Officer,2956
,#1040,Patrol Officer,2855
,#1041,Patrol Officer,899
,#1042,Sergeant,417
,#1043,Recruit Trainee,
,#1044,Captain,62
,#1045,Patrol Officer,2591
,#1046,Sergeant,415
,#1047,Probationary,1743
,#1048,Sergeant,408
,#1049,Patrol Officer,788
,#1050,Patrol Officer,935
,#1051,Lieutenant,96
,#1052,Patrol Officer,1548
,#1053,Patrol Officer,1039
,#1054,Patrol Officer,879
,#1055,Patrol Officer,2593
,#1056,Patrol Officer,1207
,#1057,Patrol Officer,2794
,#1058,Probationary,1380
,#1059,Patrol Officer,2705
,#1060,Patrol Officer,894
,#1061,Captain,71
,#1062,Patrol Officer,1420
,#1063,Patrol Officer,2534
,#1064,Probationary,1665
,#1065,Patrol Officer,961
,#1066,Patrol Officer,1460
,#1067,Patrol Officer,1477
,#1068,Patrol Officer,1419
,#1069,Patrol Officer,1418
,#1070,Patrol Officer,1965
,#1071,Probationary,1668
,#1072,Patrol Officer,2156
,#1073,Patrol Officer,2136
,#1074,Sergeant,479
,#1075,Patrol Officer,2641
,#1076,Sergeant,416
,#1077,Patrol Officer,2237
,#1078,Captain,38
,#1079,Patrol Officer,977
,#1080,Probationary,1673
,#1081,Patrol Officer,800
,#1082,Patrol Officer,865
,#1083,Patrol Officer,1408
,#1084,Patrol Officer,2182
,#1085,Probationary,1677
,#1086,Patrol Officer,2907
,#1087,Patrol Officer,2310
,#1088,Patrol Officer,2856
,#1089,Patrol Officer,2595
,#1090,Sergeant,392
,#1091,Patrol Officer,2958
,#1092,Patrol Officer,1405
,#1093,Patrol Officer,866
,#1094,Patrol Officer,1403
,#1095,Patrol Officer,2183
,#1096,Patrol Officer,2798
,#1097,Patrol Officer,2683
,#1098,Sergeant,354
,#1099,Patrol Officer,2799
,#1100,Patrol Officer,1401
,#1101,Recruit Trainee,
,#1102,Patrol Officer,974
,#1103,Lieutenant,183
,#1104,Patrol Officer,2908
,#1105,Patrol Officer,867
,#1106,Patrol Officer,869
,#1107,Patrol Officer,958
,#1108,Patrol Officer,1393
,#1109,Patrol Officer,2312
,#1110,Patrol Officer,957
,#1111,Patrol Officer,924
,#1112,Patrol Officer,2800
,#1113,Sergeant,549
,#1114,Patrol Officer,3017
,#1115,Patrol Officer,2185
,#1116,Recruit Trainee,
,#1117,Patrol Officer,2741
,#1118,Patrol Officer,1391
,#1119,Patrol Officer,1390
,#1120,Patrol Officer,1085
,#1121,Patrol Officer,2642
,#1122,Patrol Officer,2709
,#1123,Sergeant,541
,#1124,Patrol Officer,
,#1125,Patrol Officer,852
,#1126,Probationary,1385
,#1127,Sergeant,434
,#1128,Patrol Officer,1383
,#1129,Patrol Officer,979
,#1130,Sergeant,383
,#1131,Patrol Officer,1381
,#1132,Patrol Officer,853
,#1133,Patrol Officer,990
,#1134,Patrol Officer,844
,#1135,Sergeant,604
,#1136,Patrol Officer,1030
,#1137,Patrol Officer,1373
,#1138,Patrol Officer,2537
,#1139,Patrol Officer,2538
,#1140,Patrol Officer,1372
,#1141,Sergeant,366
,#1142,Patrol Officer,872
,#1143,Probationary,1679
,#1144,Patrol Officer,927
,#1145,Patrol Officer,1055
,#1146,Patrol Officer,2858
,#1147,Patrol Officer,2801
,#1148,Lieutenant,134
,#1149,Patrol Officer,1368
,#1150,Patrol Officer,2859
,#1151,Sergeant,382
,#1152,Patrol Officer,1082
,#1153,Patrol Officer,2742
,#1154,Patrol Officer,2743
,#1155,Patrol Officer,2815
,#1156,Patrol Officer,876
,#1157,Patrol Officer,1365
,#1158,Patrol Officer,1364
,#1159,Patrol Officer,863
,#1160,Patrol Officer,2710
,#1161,Probationary,1387
,#1162,Recruit Trainee,
,#1163,Patrol Officer,2860
,#1164,Patrol Officer,2187
,#1165,Sergeant,329
,#1166,Patrol Officer,1036
,#1167,Patrol Officer,2220
,#1168,Patrol Officer,2876
,#1169,Probationary,1686
,#1170,Sergeant,431
,#1171,Probationary,1688
,#1172,Patrol Officer,2685
,#1173,Patrol Officer,2909
,#1174,Sergeant,602
,#1175,Patrol Officer,1016
,#1176,Recruit Trainee,
,#1177,Patrol Officer,2539
,#1178,Patrol Officer,1352
,#1179,Patrol Officer,1355
,#1180,Recruit Trainee,
,#1181,Patrol Officer,1421
,#1182,Patrol Officer,2262
,#1183,Patrol Officer,2686
,#1184,Patrol Officer,874
,#1185,Patrol Officer,MD716
,#1186,Patrol Officer,1347
,#1187,Patrol Officer,1346
,#1188,Patrol Officer,714
,#1189,Patrol Officer,2746
,#1190,Patrol Officer,2597
,#1191,Patrol Officer,1075
,#1192,Patrol Officer,2861
,#1193,Patrol Officer,2862
,#1194,Patrol Officer,1342
,#1195,Sergeant,429
,#1196,Patrol Officer,1582
,#1197,Patrol Officer,2863
,#1198,Sergeant,404
,#1199,Patrol Officer,2747
,#1200,Patrol Officer,1086
,#1201,Patrol Officer,2749
,#1202,Lieutenant,93
,#1203,Recruit Trainee,
,#1204,Patrol Officer,1334
,#1205,Patrol Officer,2202
,#1206,Recruit Trainee,
,#1207,Patrol Officer,2864
,#1208,Patrol Officer,1326
,#1209,Patrol Officer,1026
,#1210,Patrol Officer,760
,#1211,Patrol Officer,1424
,#1212,Patrol Officer,1087
,#1213,Patrol Officer,1322
,#1214,Patrol Officer,1321
,#1215,Patrol Officer,1320
,#1216,Patrol Officer,877
,#1217,Sergeant,634
,#1218,Patrol Officer,2135
,#1219,Probationary,1388
,#1220,Sergeant,328
,#1221,Patrol Officer,704
,#1222,Patrol Officer,1315
,#1223,Patrol Officer,2287
,#1224,Patrol Officer,2688
,#1225,Patrol Officer,1043
,#1226,Probationary,1690
,#1227,Patrol Officer,920
,#1228,Probationary,1694
,#1229,Sergeant,673
,#1230,Patrol Officer,725
,#1231,Recruit Trainee,
,#1232,Patrol Officer,2689
,#1233,Recruit Trainee,
,#1234,Patrol Officer,1310
,#1235,Sergeant,562
,#1236,Patrol Officer,2643
,#1237,Patrol Officer,3018
,#1238,Sergeant,367
,#1239,Probationary,1407
,#1240,Sergeant,409
,#1241,Commander,11
,#1242,Patrol Officer,2289
,#1243,Sergeant,306
,#1244,Patrol Officer,2865
,#1245,Patrol Officer,960
,#1246,Recruit Trainee,
,#1247,Patrol Officer,2866
,#1248,Patrol Officer,881
,#1249,Patrol Officer,2173
,#1250,Sergeant,365
,#1251,Patrol Officer,1044
,#1252,Patrol Officer,1027
,#1253,Patrol Officer,1010
,#1254,Patrol Officer,2598
,#1255,Patrol Officer,2690
,#1256,Patrol Officer,2399
,#1257,Patrol Officer,2752
,#1258,Captain,59
,#1259,Patrol Officer,2599
,#1260,Patrol Officer,1035
,#1261,Patrol Officer,2723
,#1262,Patrol Officer,2711
,#1263,Sergeant,363
,#1264,Captain,46
,#1265,Patrol Officer,2910
,#1266,Patrol Officer,1297
,#1267,Patrol Officer,795
,#1268,Probationary,1409
,#1269,Lieutenant,95
,#1270,Patrol Officer,1294
,#1271,Patrol Officer,2141
,#1272,Patrol Officer,2654
,#1273,Sergeant,659
,#1274,Patrol Officer,2867
,#1275,Sergeant,322
,#1276,Patrol Officer,998
,#1277,Patrol Officer,2134
,#1278,Patrol Officer,986
,#1279,Patrol Officer,915
,#1280,Patrol Officer,1435
,#1281,Patrol Officer,981
,#1282,Patrol Officer,2960
,#1283,Patrol Officer,1032
,#1284,Patrol Officer,2868
,#1285,Patrol Officer,883
,#1286,Patrol Officer,1282
,#1287,Recruit Trainee,
,#1288,Patrol Officer,1281
,#1289,Patrol Officer,2753
,#1290,Patrol Officer,2820
,#1291,Patrol Officer,1280
,#1292,Patrol Officer,2236
,#1293,Patrol Officer,2830
,#1294,Patrol Officer,1591
,#1295,Patrol Officer,1081
,#1296,Recruit Trainee,
,#1297,Recruit Trainee,
,#1298,Patrol Officer,1446
,#1299,Patrol Officer,2869
,#1300,Patrol Officer,810
,#1301,Patrol Officer,2318
,#1302,Patrol Officer,2180
,#1303,Sergeant,612
,#1304,Patrol Officer,
,#1305,Patrol Officer,2644
,#1306,Patrol Officer,866
,#1307,Recruit Trainee,
,#1308,Sergeant,417
,#1309,Recruit Trainee,
,#1310,Patrol Officer,1594
,#1311,Sergeant,481
,#1312,Patrol Officer,1045
,#1313,Patrol Officer,2269
,#1314,Patrol Officer,888
,#1315,Patrol Officer,2601
,#1316,Patrol Officer,889
,#1317,Patrol Officer,1070
,#1318,Patrol Officer,2292
,#1319,Recruit Trainee,
,#1320,Sergeant,660
,#1321,Lieutenant,122
,#1322,Patrol Officer,831
,#1323,Patrol Officer,2691
,#1324,Probationary,1700
,#1325,Patrol Officer,2961
,#1326,Sergeant,588
,#1327,Patrol Officer,890
,#1328,Patrol Officer,1065
,#1329,Patrol Officer,891
,#1330,Recruit Trainee,
,#1331,Patrol Officer,1255
,#1332,Patrol Officer,2603
,#1333,Patrol Officer,1457
,#1334,Probationary,1701
,#1335,Commander,14
,#1336,Patrol Officer,893
,#1337,Patrol Officer,1072
,#1338,Patrol Officer,2314
,#1339,Patrol Officer,1261
,#1340,Sergeant,349
,#1341,Sergeant,440
,#1342,Patrol Officer,2319
,#1343,Recruit Trainee,
,#1344,Patrol Officer,1247
,#1345,Recruit Trainee,
,#1346,Recruit Trainee,
,#1347,Patrol Officer,1246
,#1348,Patrol Officer,2713
,#1349,Sergeant,430
,#1350,Sergeant,405
,#1351,Patrol Officer,1242
,#1352,Lieutenant,182
,#1353,Patrol Officer,1241
,#1354,Patrol Officer,2803
,#1355,Patrol Officer,1595
,#1356,Patrol Officer,1240
,#1357,Patrol Officer,897
,#1358,Patrol Officer,1237
,#1359,Patrol Officer,2897
,#1360,Patrol Officer,1235
,#1361,Patrol Officer,2131
,#1362,Sergeant,312
,#1363,Patrol Officer,1230
,#1364,Sergeant,346
,#1365,Patrol Officer,900
,#1366,Patrol Officer,1220
,#1367,Patrol Officer,2041
,#1368,Probationary,1708
,#1369,Patrol Officer,2826
,#1370,Probationary,1427
,#1371,Patrol Officer,2912
,#1372,Sergeant,334
,#1373,Patrol Officer,813
,#1374,Patrol Officer,2079
,#1375,Patrol Officer,2606
,#1376,Patrol Officer,1051
,#1377,Patrol Officer,1083
,#1378,Patrol Officer,1219
,#1379,Patrol Officer,1218
,#1380,Patrol Officer,856
,#1381,Patrol Officer,1467
,#1382,Patrol Officer,929
,#1383,Lieutenant,164
,#1384,Patrol Officer,904
,#1385,Patrol Officer,2960
,#1386,Recruit Trainee,S6033
,#1387,Patrol Officer,1041
,#1388,Patrol Officer,2189
,#1389,Patrol Officer,2646
,#1390,Patrol Officer,2871
,#1391,Probationary,1452
,#1392,Patrol Officer,835
,#1393,Patrol Officer,905
,#1394,Probationary,1711
,#1395,Recruit Trainee,
,#1396,Patrol Officer,951
,#1397,Patrol Officer,2731
,#1398,Patrol Officer,768
,#1399,Patrol Officer,2871
,#1400,Patrol Officer,2754
,#1401,Patrol Officer,1058
,#1402,Probationary,1453
,#1403,Patrol Officer,939
,#1404,Patrol Officer,2877
,#1405,Patrol Officer,2714
,#1406,Sergeant,438
,#1407,Lieutenant,118
,#1408,Sergeant,308
,#1409,Lieutenant,137
,#1410,Patrol Officer,2068
,#1411,Patrol Officer,2763
,#1412,Patrol Officer,1470
,#1413,Patrol Officer,2913
,#1414,Patrol Officer,2692
,#1415,Patrol Officer,2607
,#1416,Patrol Officer,906
,#1417,Patrol Officer,982
,#1418,Patrol Officer,1190
,#1419,Patrol Officer,1189
,#1420,Patrol Officer,1188
,#1421,Sergeant,313
,#1422,Patrol Officer,1183
,#1423,Sergeant,307
,#1424,Patrol Officer,1091
,#1425,Sergeant,406
,#1426,Sergeant,393
,#1427,Patrol Officer,1056
,#1428,Patrol Officer,1178
,#1429,Patrol Officer,1177
,#1430,Recruit Trainee,
,#1431,Sergeant,396
,#1432,Captain,17
,#1433,Patrol Officer,3014
,#1434,Probationary,1713
,#1435,Recruit Trainee,
,#1436,Patrol Officer,1480
,#1437,Patrol Officer,1173
,#1438,Patrol Officer,909
,#1439,Captain,63
,#1440,Sergeant,388
,#1441,Patrol Officer,1168
,#1442,Sergeant,371
,#1443,Patrol Officer,2542
,#1444,Recruit Trainee,
,#1445,Patrol Officer,1487
,#1446,Probationary,1727
,#1447,Patrol Officer,842
,#1448,Patrol Officer,910
,#1449,Patrol Officer,1164
,#1450,Sergeant,310
,#1451,Patrol Officer,2647
,#1452,Patrol Officer,1162
,#1453,Recruit Trainee,
,#1454,Patrol Officer,912
,#1455,Sergeant,345
,#1456,Patrol Officer,1160
,#1457,Sergeant,410
,#1458,Lieutenant,116
,#1459,Patrol Officer,911
,#1460,Sergeant,336
,#1461,Patrol Officer,2918
,#1462,Patrol Officer,2403
,#1463,Sergeant,316
,#1464,Lieutenant,185
,#1465,Patrol Officer,2195
,#1466,Recruit Trainee,
,#1467,Sergeant,503
,#1468,Sergeant,491
,#1469,Patrol Officer,985
,#1470,Patrol Officer,777
,#1471,Patrol Officer,1098
,#1472,Probationary,1455
,#1473,Patrol Officer,1146
,#1474,Patrol Officer,2879
,#1475,Patrol Officer,1491
,#1476,Recruit Trainee,
,#1477,Patrol Officer,2656
,#1478,Patrol Officer,2715
,#1479,Probationary,1459
,#1480,Patrol Officer,1142
,#1481,Lieutenant,176
,#1482,Patrol Officer,2128
,#1483,Chief,1
,#1484,Patrol Officer,2276
,#1485,Patrol Officer,1141
,#1486,Lieutenant,205
,#1487,Patrol Officer,2693
,#1488,Captain,41
,#1489,Patrol Officer,913
,#1490,Sergeant,545
,#1491,Lieutenant,165
,#1492,Recruit Trainee,
,#1493,Sergeant,654
,#1494,Patrol Officer,1079
,#1495,Sergeant,435
,#1496,Patrol Officer,2974
,#1497,Patrol Officer,1015
,#1498,Major,23
,#1499,Recruit Trainee,
,#1500,Patrol Officer,2872
,#1501,Patrol Officer,2873
,#1502,Patrol Officer,729
,#1503,Patrol Officer,2648
,#1504,Patrol Officer,2765
,#1505,Recruit Trainee,
,#1506,Patrol Officer,6220
,#1507,Patrol Officer,1129
,#1508,Patrol Officer,1128
,#1509,Patrol Officer,1127
,#1510,Patrol Officer,2975
,#1511,Patrol Officer,2608
,#1512,Patrol Officer,1008
,#1513,Patrol Officer,717
,#1514,Patrol Officer,1126
,#1515,Patrol Officer,2657
,#1516,Patrol Officer,1076
,#1517,Patrol Officer,917
,#1518,Patrol Officer,1656
,#1519,Patrol Officer,970
,#1520,Patrol Officer,1038
,#1521,Patrol Officer,950
,#1522,Patrol Officer,2767
,#1523,Recruit Trainee,
,#1524,Patrol Officer,918
,#1525,Patrol Officer,1118
,#1526,Patrol Officer,1693
,#1527,Patrol Officer,1116
,#1528,Patrol Officer,2609
,#1529,Captain,55
,#1530,Patrol Officer,1042
,#1531,Probationary,1729
,#1532,Lieutenant,113
,#1533,Recruit Trainee,
,#1534,Patrol Officer,2915
,#1535,Sergeant,326
,#1536,Patrol Officer,2965
,#1537,Patrol Officer,2916
,#1538,Major,24
,#1539,Patrol Officer,2966
,#1540,Patrol Officer,1539
,#1541,Lieutenant,127
,#1542,Sergeant,390
,#1543,Patrol Officer,1106
,#1544,Patrol Officer,1099
,#1545,Sergeant,662
,#1546,Patrol Officer,1102
,#1547,Sergeant,594
,#1548,Patrol Officer,921
,#1549,Sergeant,314
,#1550,Patrol Officer,922
,#1551,Patrol Officer,923
,#1552,Patrol Officer,1094
,#1553,Patrol Officer,2197
,#1554,Patrol Officer,D1096
,#1555,Probationary,1734
,#1556,Patrol Officer,959
,#1557,Patrol Officer,2917
,#1558,Patrol Officer,1782
,#1559,Patrol Officer,2875
,#1560,Patrol Officer,925
,#1561,Patrol Officer,926
,#1562,Patrol Officer,1084
,#1563,Patrol Officer,2967
,#1564,Patrol Officer,1017
,#1565,Patrol Officer,995
,#1566,Patrol Officer,928
,#1567,Sergeant,418
,#1568,Lieutenant,97
,#1569,Captain,75
,#1570,Probationary,1736
,#1571,Probationary,2968
,#1572,Patrol Officer,2295
,#1573,Patrol Officer,1081
,#1574,Patrol Officer,2125
,#1575,Sergeant,630
,#1576,Patrol Officer,1077
,#1577,Sergeant,419
,#1578,Patrol Officer,1075
,#1579,Patrol Officer,1073
,#1580,Patrol Officer,1072
,#1581,Patrol Officer,6221
,#1582,Sergeant,341
,#1583,Patrol Officer,1066
,#1584,Sergeant,318
,#1585,Patrol Officer,2969
,#1586,Captain,65
,#1587,Patrol Officer,1064
,#1588,Patrol Officer,2777
,#1589,Patrol Officer,826
,#1590,Recruit Trainee,
,#1591,Sergeant,565
,#1592,Patrol Officer,2970
,#1593,Probationary,1738
,#1594,Patrol Officer,797
,#1595,Probationary,1463
,#1596,Patrol Officer,1057
,#1597,Patrol Officer,1056
,#1598,Patrol Officer,1049
,#1599,Lieutenant,179
,#1600,Deputy Chief,6
,#1601,Captain,36
,#1602,Sergeant,360
,#1603,Patrol Officer,930
,#1604,Patrol Officer,2695
,#1605,Patrol Officer,1049
,#1606,Lieutenant,220
,#1607,Patrol Officer,1047
,#1608,Patrol Officer,2424
,#1609,Sergeant,356
,#1610,Patrol Officer,1947
,#1611,Patrol Officer,932
,#1612,Sergeant,385
,#1613,Sergeant,420
,#1614,Patrol Officer,933
,#1615,Patrol Officer,936
,#1616,Patrol Officer,1039
,#1617,Patrol Officer,1232
,#1618,Patrol Officer,2782
,#1619,Patrol Officer,2785
,#1620,Probationary,1481
,#1621,Patrol Officer,870
,#1622,Patrol Officer,937
,#1623,Major,26
,#1624,Patrol Officer,1914
,#1625,Patrol Officer,2035
,#1626,Patrol Officer,2327
,#1627,Patrol Officer,1032
,#1628,Patrol Officer,2124
,#1629,Patrol Officer,795
,#1630,Sergeant,513
,#1631,Patrol Officer,940
,#1632,Patrol Officer,2149
,#1633,Patrol Officer,1061
,#1634,Patrol Officer,1411
,#1635,Probationary,2976
,#1636,Patrol Officer,1020
,#1637,Patrol Officer,2051
,#1638,Patrol Officer,942
,#1639,Commander,15
,#1640,Recruit Trainee,
,#1641,Patrol Officer,992
,#1642,Patrol Officer,1018
,#1643,Patrol Officer,943
,#1644,Patrol Officer,944
,#1645,Sergeant,600
,#1646,Patrol Officer,2460
,#1647,Patrol Officer,DT855
,#1648,Patrol Officer,2972
,#1649,Probationary,1740
,#1650,Patrol Officer,2650
,#1651,Patrol Officer,1024
,#1652,Patrol Officer,1011
,#1653,Patrol Officer,1005
,#1654,Patrol Officer,2977
,#1655,Patrol Officer,6222
,#1656,Patrol Officer,1009
,#1657,Patrol Officer,1008
,#1658,Patrol Officer,945
,#1659,Patrol Officer,1666
,#1660,Lieutenant,223
,#1661,Patrol Officer,2748
,#1662,Patrol Officer,2535
,#1663,Patrol Officer,6224
,#1664,Probationary,1483
,#1665,Sergeant,480
,#1666,Lieutenant,111
,#1667,Patrol Officer,1034
,#1668,Patrol Officer,999
